"","baseMean","log2FoldChange","lfcSE","stat","pvalue","padj"
"hsa-miR-363-3p",22.3276929631849,-1.89067009278642,0.476493330395553,-3.96788364533227,7.25137202813523e-05,0.0997063653868594
