"","baseMean","log2FoldChange","lfcSE","stat","pvalue","padj"
"hsa-miR-10b-5p",2335.00030527451,-2.49329866970616,0.383530425107028,-6.50091493787067,7.98329657462635e-11,1.13841809154172e-07
"hsa-miR-934-5p",67.9871478900147,2.26146946427042,0.445135341802021,5.08040870247555,3.76623705575574e-07,0.000268532702075384
"hsa-miR-363-3p",18.9584189245724,-3.14525749740496,0.70949815624831,-4.4330735319123,9.28991646546806e-06,0.00441580695991915
"hsa-miR-125b-2-3p",28.2561012372872,-2.1858670425588,0.553077689762499,-3.95218806149539,7.7439842116513e-05,0.0276073037145369
"hsa-miR-424-3p",348.052580507186,-1.7438549897,0.447954562839909,-3.89292828862917,9.90414359676148e-05,0.0282466175379637
